Cluster,Document ID,Content
AI/ML, 2, "Artificial intelligence is transforming industries."
AI/ML, 3, "I enjoy reading about AI and ML."
AI/ML, 5, "AI, ML, and cloud computing are interconnected."
AI/ML, 7, "Big data is essential for AI."
AI/ML, 8, "Natural language processing is an AI application."
AI/ML, 10, "AI and quantum computing might work together in the future."
AI/ML, 13, "AI ethics is crucial for responsible AI development."
AI/ML, 15, "AI can improve healthcare outcomes."
AI/ML, 16, "Cloud platforms provide tools for AI development."
AI/ML, 17, "AI chatbots enhance customer service."
AI/ML, 18, "The future of AI holds great promise."
AI/ML, 19, "Data privacy is a significant concern in AI."
AI/ML, 20, "AI can automate routine tasks."
AI/ML, 22, "Smart homes utilize AI for convenience."
AI/ML, 23, "AI algorithms are used for stock market predictions."
AI/ML, 24, "Computer vision is a vital area of AI research."
AI/ML, 25, "AI can enhance the gaming experience."
AI/ML, 26, "Robotics and AI are closely related fields."
AI/ML, 27, "AI in agriculture can optimize crop yields."
AI/ML, 29, "AI can assist in language translation."
AI/ML, 30, "The role of AI in education is growing."
AI/ML, 31, "AI is reshaping the future of work."
AI/ML, 32, "Robotics can be integrated with AI for better performance."
AI/ML, 33, "AI plays a crucial role in fraud detection."
AI/ML, 34, "The healthcare industry is leveraging AI for diagnostics."
AI/ML, 35, "AI can help in disaster response and management."
AI/ML, 36, "Self-driving cars utilize AI technology."
AI/ML, 37, "AI is changing the landscape of marketing."
AI/ML, 38, "Smart cities are being built using AI technologies."
AI/ML, 39, "AI-driven analytics provide deeper insights into data."
AI/ML, 40, "AI is pivotal in modern cybersecurity strategies."
AI/ML, 41, "Augmented reality and AI are enhancing user experiences."
AI/ML, 42, "AI technologies are streamlining supply chain management."
AI/ML, 43, "AI can improve decision-making in finance."
AI/ML, 44, "Natural language understanding is vital for AI."
AI/ML, 45, "AI helps in developing personalized learning paths."
AI/ML, 46, "AI can predict customer behavior effectively."
AI/ML, 47, "Virtual assistants rely on AI for functionality."
AI/ML, 48, "AI has applications in climate change modeling."
AI/ML, 49, "AI technologies can enhance retail experiences."
AI/ML, 50, "AI in gaming creates more immersive experiences."
Cloud/Big Data, 4, "Cloud computing offers scalable solutions."
Cloud/Big Data, 9, "Cloud computing enables big data processing."
Quantum, 6, "Quantum computing could change the world."
Data Science, 14, "Data science is integral to modern business."